aaronwl=Aaron W. LaFramboise <aaronavay62@aaronwl.com>
aburgess=Andrew Burgess <aburgess@broadcom.com>
aidan=Aidan Skinner <aidan@velvet.net>
aj=Andreas Jaeger <aj@suse.de>
aldyh=Aldy Hernandez <aldyh@redhat.com>
amodra=Alan Modra <amodra@bigpond.net.au>
ams=Andrew Stubbs <andrew.stubbs@st.com>
amszmidt=Alfred M. Szmidt <ams@gnu.org>
amylaar=Joern Rennecke <joern.rennecke@arc.com>
andrewjenner=Andrew Jenner <andrew@codesourcery.com>
anilp1=Anil Paranjpe <anilp1@kpitcummins.com>
aoliva=Alexandre Oliva <aoliva@redhat.com>
aph=Andrew Haley <aph@redhat.com>
aristovski=Aleksandar Ristovski <aristovski@qnx.com>
arnoldm=Arnold Metselaar <arnold.metselaar@planet.nl>
avolkov=Andrey Volkov <avolkov@transas.com>
ayers=David Ayers <d.ayers@inode.at>
bauermann=Thiago Jung Bauermann <bauerman@br.ibm.com>
bavag=Bas van Gompel <cygwin-patch@bavag.tmfweb.nl>
bergner=Peter Bergner <bergner@vnet.ibm.com>
bernds=Bernd Schmidt <bernd.schmidt@analog.com>
bje=Ben Elliston <bje@au.ibm.com>
bjh21=Ben Harris <bjh21@netbsd.org>
blc=Brendan Conoboy <blc@redhat.com>
bobbybrasko=Bob Rossi <bob@brasko.net>
bonzini=Paolo Bonzini <bonzini@gnu.org>
bothner=Per Bothner <per@bothner.com>
briand=Brian Dessent <brian@dessent.net>
brobecke=Joel Brobecker <brobecker@gnat.com>
brolley=Dave Brolley <brolley@redhat.com>
bryce=Bryce McKinlay <mckinlay@redhat.com>
bwilson=Bob Wilson <bob.wilson@acm.org>
cagney=Andrew Cagney <cagney@redhat.com>
carlos=Carlos O'Donell <carlos@codesourcery.com>
carlton=David Carlton <carlton@bactrian.org>
cchavva=Chandra Chavva <cchavva@redhat.com>
ccoutant=Cary Coutant <ccoutant@google.com>
cgd=Chris Demetriou <cgd@google.com>
cgf=Christopher Faylor <me+cygwin@cgf.cx>
chaoyingfu=Chao-ying Fu <fu@mips.com>
chastain=Michael Chastain <mec.gnu@mindspring.com>
chatham=chatham <chatham@sourceware.org>
ciceron=Stephane Carrez <stcarrez@nerim.fr>
clm=Catherine Moore <clm@redhat.com>
cltang=Chung-Lin Tang <cltang@codesourcery.com>
clyon=Christophe Lyon <christophe.lyon@st.com>
corinna=Corinna Vinschen <corinna@vinschen.de>
cpg=Christian Groessler <chris@groessler.org>
cpopetz=Clinton Popetz <cpopetz@cpopetz.com>
crux=Bernd Schmidt <bernds@redhat.co.uk>
cseo=Carlos Eduardo Seo <cseo@linux.vnet.ibm.com>
csilvers=Craig Silverstein <csilvers@google.com>
ctice=Caroline Tice <ctice@apple.com>
cwilson=Charles Wilson <cygwin@cwilson.fastmail.fm>
daney=David Daney <ddaney@avtrex.com>
danglin=Dave Anglin <dave.anglin@nrc.ca>
dannysmith=Danny Smith <dannysmith@users.sourceforge.net>
davea=David Anderson <davea@sgi.com>
davek=Dave Korn <dave.korn@artimi.com>
davem=David S. Miller <davem@redhat.com>
davidsb=davidsb <davidsb@sourceware.org>
davidu=David Ung <davidu@mips.com>
dberlin=Daniel Berlin <dberlin@dberlin.org>
denisc=Denis Chertykov <denisc@overta.ru>
denis=Denis Pilat <denis.pilat@st.com>
deuling=Markus Deuling <deuling@de.ibm.com>
devans=Doug Evans <dje@google.com>
dgutson=Daniel Gutson <dgutson@codesourcery.com>
dhoward=Don Howard <dhoward@redhat.com>
diwil=Dmitry Diky <diwil@spec.ru>
dj=DJ Delorie <dj@delorie.com>
dje=David Edelsohn <dje@watson.ibm.com>
dlindsay=Donald Lindsay <dlindsay@redhat.com>
dnovillo=Diego Novillo <dnovillo@google.com>
donlee=Don Lee <don.lee@sunplusct.com>
dougkwan=Doug Kwan <dougkwan@google.com>
drd=Dhananjay Deshpande <dhananjayd@kpitcummins.com>
drepper=Ulrich Drepper <drepper@redhat.com>
drow=Daniel Jacobowitz <dan@debian.org>
dsl=David Lecomber <david@lecomber.net>
dsmith=David Smith <dsmith@redhat.com>
duda=Egor Duda <deo@logos-m.ru>
dwarak=Dwarakanath Rajagopal <dwarak.rajagopal@amd.com>
eager=Michael Eager <eager@eagercon.com>
earnie=Earnie Boyd <earnie@users.sf.net>
ebotcazou=Eric Botcazou <ebotcazou@libertysurf.fr>
echristo=Eric Christopher <echristo@apple.com>
elfyn=Elfyn McBratney <elfyn@emcb.co.uk>
eliz=Eli Zaretskii <eliz@gnu.org>
ericb=Eric Blake <ebb9@byu.net>
espindola=Rafael Ávila de Espíndola <respindola@mozilla.com>
esuzuki=Emi Suzuki <emi-suzuki@tjsys.co.jp>
eweddington=Eric B. Weddington <eric.weddington@atmel.com>
ezannoni=Elena Zannoni <ezannoni@kwikemart.cygnus.com>
fche=Frank Ch. Eigler <fche@redhat.com>
fedor=Adam Fedor <fedor@gnu.org>
felix=Felix Lee <felix+log1@specifixinc.com>
fitzsim=Thomas Fitzsimmons <fitzsim@redhat.com>
fnasser=Fernando Nasser <fnasser@redhat.com>
fnf=Fred Fish <fnf@specifix.com>
ford=Brian Ford <ford@vss.fsi.com>
fred=Frederic Riss <frederic.riss@st.com>
froydnj=Nathan Froyd <froydnj@codesourcery.com>
gaius=Gaius Mulley <gaius@glam.ac.uk>
gavin=Gavin Romig-Koch <gavin@redhat.com>
gdbadmin=gdbadmin <gdbadmin@sourceware.org>
gdr=Gabriel Dos Reis <gdr@integrable-solutions.net>
geoffk=Geoffrey Keating <geoffk@geoffk.org>
gfunck=Gary Funck <gary@intrepid.com>
gingold=Tristan Gingold <gingold@adacore.com>
gkm=Greg McGary <greg@mcgary.org>
glen=Glen McCready <gkm@pobox.com>
graces=Grace Sainsbury <graces@redhat.com>
graydon=Graydon Hoare <graydon@redhat.com>
green=Anthony Green <green@redhat.com>
guitton=Jerome Guitton <guitton@adacore.com>
guo=Jimmy Guo <guo@cup.hp.com>
hilfingr=Paul N. Hilfinger <hilfinger@adacore.com>
hiller=Matthew Hiller <hiller@redhat.com>
hjl=H.J. Lu <hjl.tools@gmail.com>
hp=Hans-Peter Nilsson <hp@axis.com>
hubicka=Jan Hubicka <jh@suse.cz>
hunt=Martin Hunt <hunt@redhat.com>
iains=Iain Sandoe <iain@codesourcery.com>
ian=Ian Lance Taylor <ian@airs.com>
iant=Ian Lance Taylor <iant@google.com>
ibr=Baurzhan Ismagulov <ibr@radix50.net>
infidel=Luke Dunstan <infidel@users.sourceforge.net>
ironhead=Chris Sutcliffe <ir0nh34d@users.sf.net>
irox=Ian Roxborough <irox@redhat.com>
jakub=Jakub Jelinek <jakub@redhat.com>
jason=Jason Merrill <jason@redhat.com>
jbeniston=Jon Beniston <jon@beniston.com>
jbeulich=Jan Beulich <jbeulich@novell.com>
jbglaw=Jan-Benedict Glaw <jbglaw@lug-owl.de>
jeffh=Jeff Holcomb <jeffh@redhat.com>
jhealy=John Healy <jhealy@redhat.com>
jiez=Jie Zhang <jie.zhang@analog.com>
jimb=Jim Blandy <jimb@codesourcery.com>
jingham=Jim Ingham <jingham@apple.com>
jjohnstn=Jeff Johnston <jjohnstn@redhat.com>
jkratoch=Jan Kratochvil <jan.kratochvil@redhat.com>
jlarmour=Jonathan Larmour <jifl@eCosCentric.com>
jle=Jason Eckhardt <jle@rice.edu>
joel=Joel Sherrill <joel.sherrill@oarcorp.com>
joshuadfranklin=Joshua Daniel Franklin <joshuadfranklin@yahoo.com>
jrydberg=Johan Rydberg <jrydberg@rtmk.org>
jsm28=Joseph Myers <joseph@codesourcery.com>
jsmith=Jackie Smith Cashion <jsmith@redhat.com>
jsm=Jason Molenda <jmolenda@apple.com>
jtc=J.T. Conklin <jtc@redback.com>
juanito=John R. Moore <jmoore@redhat.com>
jules=Julian Brown <julian@codesourcery.com>
jwlemke=James Lemke <jwlemke@codesourcery.com>
kazu=Kazu Hirata <kazu@codesourcery.com>
kcook=Kelley Cook <kcook@gcc.gnu.org>
kdienes=Klee Dienes <kdienes@apple.com>
keithmarshall=Keith Marshall <keithmarshall@users.sourceforge.net>
kettenis=Mark Kettenis <kettenis@gnu.org>
kevinb=Kevin Buettner <kevinb@redhat.com>
kewarken=Kris Warkentin <kewarken@qnx.com>
khan=Mumit Khan <khan@xraylith.wisc.edu>
kingdon=Jim Kingdon <jkingdon@engr.sgi.com>
kkojima=Kaz Kojima <kkojima@rr.iij4u.or.jp>
klo=Karen Osmond <karen.osmond@gmail.com>
krebbel=Andreas Krebbel <Andreas.Krebbel@de.ibm.com>
ksakamot=Kazuhiro Inaoka <inaoka.kazuhiro@renesas.com>
kseitz=Keith Seitz <keiths@redhat.com>
ktietz=Kai Tietz <kai.tietz@onevision.com>
kvanhees=Kris Van Hees <kris.van.hees@oracle.com>
kwalker=Keith Walker <keith.walker@arm.com>
kwerner= Ken Werner <ken.werner@de.ibm.com>
law=Jeff Law <law@redhat.com>
ligang=Mei Ligang <ligang@sunnorth.com.cn>
lsmith=Larry Smith <lsmith@redhat.com>
ludo=Ludovic Courtès <ludo@gnu.org>
luisgpm=Luis Machado <luisgpm@br.ibm.com>
macro=Maciej W. Rozycki <macro@linux-mips.org>
manjo=Manoj Iyer <manjo@austin.ibm.com>
manubee=Manu B <manubee@users.sourceforge.net>
marckhouzam=Marc Khouzam <marc.khouzam@ericsson.com>
marekm=Marek Michalkiewicz <marekm@amelek.gda.pl>
mark=Mark Wielaard <mjw@redhat.com>
markom=Marko Mlinar <markom@opencores.org>
matt=Matt Thomas <matt@3am-software.com>
matz=Michael Matz <matz@suse.de>
maxim2405=Maxim Grigoriev <maxim2405@gmail.com>
mdejong=Mo DeJong <supermo@bayarea.net>
meissner=Michael Meissner <gnu@the-meissners.org>
mgretton=Matthew Gretton-Dann <matthew.gretton-dann@arm.com>
mkuvyrkov=Maxim Kuvyrkov <maxim@codesourcery.com>
mludvig=Michal Ludvig <mludvig@suse.cz>
mmitchel=Mark Mitchell <mark@codesourcery.com>
mrg=Matthew Green <mrg@redhat.com>
mrs=Mike Stump <mrs@apple.com>
msalter=Mark Salter <msalter@sadr.localdomain>
msnyder=Michael Snyder <msnyder@vmware.com>
msokolov=Michael Sokolov <msokolov@ivan.harhan.org>
muller=Pierre Muller <muller@ics.u-strasbg.fr>
nathan=Nathan Sidwell <nathan@codesourcery.com>
nathanw=Nathan J. Williams <nathanw@wasabisystems.com>
neggone=Nagajyothi Eggone <nagajyothi.eggone@amd.com>
nemet=Adam Nemet <anemet@caviumnetworks.com>
neroden=Nathanael Nerode <neroden@gcc.gnu.org>
nickc=Nick Clifton <nickc@redhat.com>
nickrob=Nick Roberts <nickrob@snap.net.nz>
nivenh=Brandon Sneed <nivenh@sourceware.org>
nkavv=Nikolaos Kavvadias <nkavv@physics.auth.gr>
nsd=Nicholas Duffek <nsd@redhat.com>
obrien=David O'Brien <obrien@FreeBSD.org>
orjanf=Orjan Friberg <orjanf@axis.com>
palves=Pedro Alves <palves@redhat.com>
papadopo=Dimitri Papadopoulos <papadopo@users.sourceforge.net>
patrickm=Patrick Macdonald <patrickm@redhat.com>
pb=Phil Blundell <philb@gnu.org>
pbrook=Paul Brook <paul@codesourcery.com>
petert=Peter Targett <peter.targett@arc.com>
petrs=Petr Sorfa <petrs@caldera.com>
pgilliam=Paul Gilliam <pgilliam@us.ibm.com>
phdm=Philippe De Muyter <phdm@macqel.be>
phumblet=Pierre Humblet <pierre.humblet@ieee.org>
pinskia=Andrew Pinski <apinski@cavium.com>
pkoning=Paul Koning <pkoning@equallogic.com>
pmuldoon=Phil Muldoon <pmuldoon@redhat.com>
ppluzhnikov=Paul Pluzhnikov <ppluzhnikov@google.com>
pthomas=Philipp Thomas <pth@suse.de>
qinwei=Qinwei <qinwei@sunnorth.com.cn>
qiyao=Yao Qi <yao@codesourcery.com>
qneill=Quentin Neill <quentin.neill@amd.com>
ramana=Ramana Radhakrishnan <ramana.r@gmail.com>
ranjith=Ranjith Kumaran <ranjith@cygnus.com>
raoul=Raoul Gough <RaoulGough@yahoo.co.uk>
rbcollins=Robert Collins <rbtcollins@hotmail.com>
rdbrown=Rodney Brown <rbrown64@csc.com.au>
rdparker=Ron Parker <rdparker@sourceware.cygnus.com>
rearnsha=Richard Earnshaw <richard.earnshaw@arm.com>
roland=Roland McGrath <roland@gnu.org>
ro=Rainer Orth <ro@TechFak.Uni-Bielefeld.DE>
rsandifo=Richard Sandiford <rsandifo@nildram.co.uk>
rth=Richard Henderson <rth@redhat.com>
rwild=Ralf Wildenhues <Ralf.Wildenhues@gmx.de>
sandra=Sandra Loosemore <sandra@codesourcery.com>
schauer=Peter Schauer <pes@regent.e-technik.tu-muenchen.de>
schwab=Andreas Schwab <schwab@linux-m68k.org>
sclarke=Stephen Clarke <stephen.clarke@earthling.net>
scottb=Scott Bambrough <scottb@netwinder.org>
scottc=Conrad Scott <conrad.scott@dsl.pipex.com>
scox=Stan Cox <scox@redhat.com>
seank=Sean Keys <skeys@ipdatasys.com>
segher=Segher Boessenkool <segher@kernel.crashing.org>
sergiodj=Sergio Durigan Junior <sergiodj@linux.vnet.ibm.com>
shebs=Stan Shebs <shebs@apple.com>
shinwell=Mark Shinwell <shinwell@codesourcery.com>
shrinivas=Shrinivas Atre <shrinivasa@kpitcummins.com>
simonb=Simon Baldwin <simonb@google.com>
sjackman=Shaun Jackman <sjackman@gmail.com>
sje=Steve Ellcey <sje@cup.hp.com>
skrll=Nick Hudson <nick.hudson@dsl.pipex.com>
sky=Martin Schwidefsky <schwidefsky@de.ibm.com>
smid=Jiri Smid <smid@suse.cz>
spolk=Syd Polk <spolk@apple.com>
spop=Sebastian Pop <sebastian.pop@amd.com>
ssmith=Stephen P. Smith <ischis2@cox.net>
sterling=Sterling Augustine <sterling@tensilica.com>
sveinse=Svein Seldal <svein@dev.seldal.com>
swagiaal=Sami Wagiaalla <swagiaal@redhat.com>
swami=M R Swami Reddy <MR.Swami.Reddy@nsc.com>
tausq=Randolph Chung <tausq@debian.org>
taylor=David Taylor <taylor@redhat.com>
teawater=Hui Zhu <teawater@gmail.com>
thorpej=Jason Thorpe <thorpej@netbsd.org>
ths=Thiemo Seufer <ths@networkno.de>
tmsriram=Sriraman Tallam <tmsriram@google.com>
tomerl=Tomer Levi <Tomer.Levi@nsc.com>
tpfaff=Thomas Pfaff <tpfaff@gmx.net>
trix=Tom Rix <trix@redhat.com>
tromey=Tom Tromey <tromey@redhat.com>
troth=Theodore A. Roth <troth@openavr.org>
tschwinge=Thomas Schwinge <tschwinge@gnu.org>
tsmigiel=Trevor Smigiel <Trevor_Smigiel@playstation.sony.com>
twall=Timothy Wall <twall@alum.mit.edu>
ulfc=Ulf Carlsson <ulfc@engr.sgi.com>
uweigand=Ulrich Weigand <uweigand@de.ibm.com>
vapier=Mike Frysinger <vapier@gentoo.org>
venkat=D.Venkatasubramanian <dvenkat@noida.hcltech.com>
vmakarov=Vladimir Makarov <vmakarov@redhat.com>
vprus=Vladimir Prus <vladimir@codesourcery.com>
walt=Walter Lee <walt@tilera.com>
wilson=Jim Wilson <wilson@tuliptree.org>
woodzltc=Wu Zhou <woodzltc@cn.ibm.com>
wrighton=Mike Wrighton <wrighton@codesourcery.com>
xmj=Mingjie Xing <mingjie.xing@gmail.com>
ysato=Yoshinori Sato <ysato@users.sourceforge.jp>
yufeng=Yufeng Zhang <yufeng.zhang@arm.com>
zack=Zack Weinberg <zackw@panix.com>
